ID_atomic_exc,File ID,Axis,Skill,Atomic Skill,Exercise Text,Solution
SC_ma_24_B_01_01,SC_ma_24_B_01.md,الاحتمالات,تمثيل تجربة عشوائية,بناء شجرة الاحتمالات لسحب مع الإرجاع,"**تمرين 1: بناء شجرة الاحتمالات**

يحتوي كيس على 5 قطع كهربائية، منها 3 قطع سليمة (نرمز لها بـ $S$) وقطعتان غير سليمتين (نرمز لهما بـ $\overline{S}$). 

نسحب عشوائياً قطعة واحدة، ثم نعيدها إلى الكيس، ثم نسحب قطعة ثانية، ثم نعيدها، ثم نسحب قطعة ثالثة.

**قم بإنشاء شجرة الاحتمالات التي تُمثل نتائج هذه التجربة، مع كتابة الاحتمالات على كل فرع.**","**الحل المقترح:**

**الخطوة 1: تحديد احتمالات السحب الواحدة**
*   احتمال سحب قطعة سليمة $P(S) = \frac{\text{عدد القطع السليمة}}{\text{العدد الكلي للقطع}} = \frac{3}{5}$
*   احتمال سحب قطعة غير سليمة $P(\overline{S}) = \frac{\text{عدد القطع غير السليمة}}{\text{العدد الكلي للقطع}} = \frac{2}{5}$

**الخطوة 2: بناء شجرة الاحتمالات**
بما أن السحب يتم ""مع الإرجاع""، فإن احتمالات كل سحبة مستقلة عن السحبات الأخرى وتبقى ثابتة. الشجرة ستكون على النحو التالي (وصف للمسارات والنتائج بدلاً من رسم مباشر):

*   **السحبة الأولى:**
    *   فرع $S$ باحتمال $\frac{3}{5}$
    *   فرع $\overline{S}$ باحتمال $\frac{2}{5}$

*   **السحبة الثانية (لكل فرع من السحبة الأولى):**
    *   إذا كانت السحبة الأولى $S$: 
        *   فرع $S$ باحتمال $\frac{3}{5}$
        *   فرع $\overline{S}$ باحتمال $\frac{2}{5}$
    *   إذا كانت السحبة الأولى $\overline{S}$: 
        *   فرع $S$ باحتمال $\frac{3}{5}$
        *   فرع $\overline{S}$ باحتمال $\frac{2}{5}$

*   **السحبة الثالثة (لكل فرع من السحبة الثانية):**
    *   لكل نتيجة من السحبتين الأولتين (مثلاً $S,S$ أو $S,\overline{S}$ أو $\overline{S},S$ أو $\overline{S},\overline{S}$):
        *   فرع $S$ باحتمال $\frac{3}{5}$
        *   فرع $\overline{S}$ باحتمال $\frac{2}{5}$

**وصف مسارات الشجرة مع احتمالاتها:**
*   $S_1 S_2 S_3$: $\left(\frac{3}{5}\right)^3 = \frac{27}{125}$
*   $S_1 S_2 \overline{S}_3$: $\left(\frac{3}{5}\right)^2 \times \frac{2}{5} = \frac{18}{125}$
*   $S_1 \overline{S}_2 S_3$: $\frac{3}{5} \times \frac{2}{5} \times \frac{3}{5} = \frac{18}{125}$
*   $S_1 \overline{S}_2 \overline{S}_3$: $\frac{3}{5} \times \left(\frac{2}{5}\right)^2 = \frac{12}{125}$
*   $\overline{S}_1 S_2 S_3$: $\frac{2}{5} \times \left(\frac{3}{5}\right)^2 = \frac{18}{125}$
*   $\overline{S}_1 S_2 \overline{S}_3$: $\frac{2}{5} \times \frac{3}{5} \times \frac{2}{5} = \frac{12}{125}$
*   $\overline{S}_1 \overline{S}_2 S_3$: $\left(\frac{2}{5}\right)^2 \times \frac{3}{5} = \frac{12}{125}$
*   $\overline{S}_1 \overline{S}_2 \overline{S}_3$: $\left(\frac{2}{5}\right)^3 = \frac{8}{125}$

(مجموع هذه الاحتمالات يساوي 1)."
SC_ma_24_B_01_02,SC_ma_24_B_01.md,الاحتمالات,حساب احتمالات الحوادث,حساب احتمال حادثة بسيطة ومركبة (سحب قطعة واحدة فقط سليمة),"**تمرين 2: حساب احتمالات الحوادث**

لدينا كيس يحتوي على 5 قطع كهربائية: 3 سليمة (S) و 2 غير سليمة ($\overline{S}$). 
نسحب 3 قطع على التوالي مع الإرجاع.

نعتبر الحوادث التالية:
*   $A$ : ""القطعة الأولى المسحوبة سليمة""
*   $B$ : ""سحب قطعة واحدة فقط سليمة من بين القطع الثلاث المسحوبة""
*   $C$ : ""القطعة الثالثة المسحوبة سليمة""

**1. احسب الاحتمالات $P(A)$ و $P(B)$.**
**2. بيّن أن احتمال الحادثة $C$ هو $P(C) = \frac{3}{5}$.**","**الحل المقترح:**

**المعطيات الأساسية:**
*   احتمال سحب قطعة سليمة في أي سحبة: $P(S) = \frac{3}{5}$
*   احتمال سحب قطعة غير سليمة في أي سحبة: $P(\overline{S}) = \frac{2}{5}$
*   السحب يتم على التوالي مع الإرجاع، مما يعني استقلال السحبات.

**1. حساب $P(A)$ و $P(B)$:**

*   **حساب $P(A)$:**
    الحادثة $A$ هي ""القطعة الأولى المسحوبة سليمة"".
    بما أن السحب يتم مع الإرجاع، فإن احتمال سحب قطعة سليمة في السحبة الأولى هو:
    $P(A) = P(S_1) = \frac{3}{5}$

*   **حساب $P(B)$:**
    الحادثة $B$ هي ""سحب قطعة واحدة فقط سليمة من بين القطع الثلاث المسحوبة"".
    هناك 3 حالات ممكنة لتحقق هذه الحادثة، حيث تكون قطعة واحدة سليمة والباقي غير سليمة:
    1.  القطعة الأولى سليمة، والثانية والثالثة غير سليمتين ($S_1 \overline{S}_2 \overline{S}_3$)
    2.  القطعة الأولى غير سليمة، والثانية سليمة، والثالثة غير سليمة ($\overline{S}_1 S_2 \overline{S}_3$)
    3.  القطعة الأولى والثانية غير سليمتين، والثالثة سليمة ($\overline{S}_1 \overline{S}_2 S_3$)

    نحسب احتمال كل حالة (بفضل استقلال السحبات):
    *   $P(S_1 \overline{S}_2 \overline{S}_3) = P(S) \times P(\overline{S}) \times P(\overline{S}) = \frac{3}{5} \times \frac{2}{5} \times \frac{2}{5} = \frac{12}{125}$
    *   $P(\overline{S}_1 S_2 \overline{S}_3) = P(\overline{S}) \times P(S) \times P(\overline{S}) = \frac{2}{5} \times \frac{3}{5} \times \frac{2}{5} = \frac{12}{125}$
    *   $P(\overline{S}_1 \overline{S}_2 S_3) = P(\overline{S}) \times P(\overline{S}) \times P(S) = \frac{2}{5} \times \frac{2}{5} \times \frac{3}{5} = \frac{12}{125}$

    بما أن هذه الحالات متنافية، فإن $P(B)$ هو مجموع احتمالاتها:
    $P(B) = \frac{12}{125} + \frac{12}{125} + \frac{12}{125} = \frac{36}{125}$

**2. تبيان أن $P(C) = \frac{3}{5}$:**

    الحادثة $C$ هي ""القطعة الثالثة المسحوبة سليمة"".
    بما أن السحب يتم مع الإرجاع، فإن كل سحبة مستقلة عن السحبات الأخرى. وبالتالي، فإن احتمال أن تكون القطعة الثالثة سليمة لا يتأثر بنتائج السحبتين الأوليين.
    إذن، احتمال $P(C)$ هو ببساطة احتمال سحب قطعة سليمة في أي سحبة:
    $P(C) = P(S_3) = \frac{3}{5}$."
SC_ma_24_B_01_03,SC_ma_24_B_01.md,الاحتمالات,الاحتمال الشرطي واستقلالية الحوادث,حساب الاحتمال الشرطي والتحقق من استقلالية حادثتين,"**تمرين 3: الاحتمال الشرطي واستقلالية الحوادث**

لدينا كيس يحتوي على 5 قطع كهربائية: 3 سليمة (S) و 2 غير سليمة ($\overline{S}$). 
نسحب 3 قطع على التوالي مع الإرجاع.

نعتبر الحادثتين:
*   $A$ : ""القطعة الأولى المسحوبة سليمة""
*   $C$ : ""القطعة الثالثة المسحوبة سليمة""

(وقد حسبنا سابقاً أن $P(A) = \frac{3}{5}$ و $P(C) = \frac{3}{5}$).

**1. احسب الاحتمال الشرطي $P_C(A)$ (احتمال تحقق $A$ علماً أن $C$ تحققت).**
**2. هل الحادثتان $A$ و $C$ مستقلتان؟ برر إجابتك.**","**الحل المقترح:**

**المعطيات الأساسية:**
*   $P(S) = \frac{3}{5}$
*   $P(\overline{S}) = \frac{2}{5}$
*   $P(A) = \frac{3}{5}$
*   $P(C) = \frac{3}{5}$
*   السحب مع الإرجاع (استقلالية السحبات).

**1. حساب الاحتمال الشرطي $P_C(A)$:**

    نستخدم تعريف الاحتمال الشرطي: $P_C(A) = \frac{P(A \cap C)}{P(C)}$.

    أولاً، نحسب $P(A \cap C)$. الحادثة $A \cap C$ تعني ""القطعة الأولى المسحوبة سليمة **و** القطعة الثالثة المسحوبة سليمة"".
    بما أن السحبات مستقلة (سحب مع الإرجاع)، فإن نتيجة السحبة الأولى لا تؤثر على نتيجة السحبة الثالثة.
    لذلك، $P(A \cap C) = P(A) \times P(C)$. (هذا صحيح لأن A و C مستقلتان، وهو ما سنثبته لاحقًا).
    $P(A \cap C) = \frac{3}{5} \times \frac{3}{5} = \frac{9}{25}$.

    الآن، نحسب $P_C(A)$:
    $P_C(A) = \frac{P(A \cap C)}{P(C)} = \frac{\frac{9}{25}}{\frac{3}{5}} = \frac{9}{25} \times \frac{5}{3} = \frac{45}{75} = \frac{3}{5}$.

**2. هل الحادثتان $A$ و $C$ مستقلتان؟**

    لتكون حادثتان مستقلتين، يجب أن يتحقق أحد الشروط التالية:
    *   $P(A \cap C) = P(A) \times P(C)$
    *   $P_C(A) = P(A)$
    *   $P_A(C) = P(C)$

    لنقم بالتحقق باستخدام الشرط الثاني الذي حسبناه: $P_C(A) = \frac{3}{5}$.
    ونحن نعلم أن $P(A) = \frac{3}{5}$.
    بما أن $P_C(A) = P(A) = \frac{3}{5}$، فإن الحادثتين $A$ و $C$ مستقلتان.

    يمكن أيضاً التحقق من الشرط الأول:
    $P(A \cap C) = \frac{9}{25}$ (كما حسبناه سابقاً).
    $P(A) \times P(C) = \frac{3}{5} \times \frac{3}{5} = \frac{9}{25}$.
    بما أن $P(A \cap C) = P(A) \times P(C)$، فإن الحادثتين $A$ و $C$ مستقلتان.

    **الخلاصة:** نعم، الحادثتان $A$ و $C$ مستقلتان لأن تحقق إحداهما لا يؤثر على احتمال تحقق الأخرى، وهذا متوقع في حالة السحب مع الإرجاع."
SC_ma_24_B_01_04,SC_ma_24_B_01.md,الاحتمالات,المتغيرات العشوائية,تحديد قيم متغير عشوائي,"**تمرين 4: تحديد قيم المتغير العشوائي**

يحتوي كيس على 5 قطع كهربائية، منها 3 قطع سليمة (S) وقطعتان غير سليمتين ($\overline{S}$). 
نسحب عشوائياً من الكيس 3 قطع على التوالي مع الإرجاع.

نرفق بكل قطعة سليمة العدد 10 وبكل قطعة غير سليمة العدد $-10$. 
نعتبر $X$ المتغير العشوائي الذي يرفق بكل عملية سحب لثلاث قطع ""مجموع الأعداد المرفقة بها"".

**بيّن أن قيم المتغير العشوائي $X$ هي: $30 \,، 10 \,، -10 \,، -30$.**","**الحل المقترح:**

**الخطوة 1: تحديد القيم الممكنة لعدد القطع السليمة وغير السليمة في سحب 3 قطع**
عند سحب 3 قطع من الكيس، يمكن أن يكون لدينا التركيبات التالية من حيث نوع القطع:
*   3 قطع سليمة (3S, 0$\overline{S}$)
*   2 قطعة سليمة و 1 غير سليمة (2S, 1$\overline{S}$)
*   1 قطعة سليمة و 2 غير سليمتين (1S, 2$\overline{S}$)
*   0 قطعة سليمة و 3 غير سليمة (0S, 3$\overline{S}$)

**الخطوة 2: حساب قيمة $X$ لكل حالة ممكنة**
نربط لكل قطعة سليمة العدد 10، ولكل قطعة غير سليمة العدد $-10$.
المتغير العشوائي $X$ هو مجموع الأعداد المرفقة بالقطع الثلاث المسحوبة.

*   **الحالة الأولى: 3 قطع سليمة (3S)**
    قيمة $X = 10 + 10 + 10 = 30$.

*   **الحالة الثانية: 2 قطعة سليمة و 1 غير سليمة (2S, 1$\overline{S}$)**
    قيمة $X = 10 + 10 + (-10) = 20 - 10 = 10$.

*   **الحالة الثالثة: 1 قطعة سليمة و 2 غير سليمتين (1S, 2$\overline{S}$)**
    قيمة $X = 10 + (-10) + (-10) = 10 - 20 = -10$.

*   **الحالة الرابعة: 3 قطع غير سليمة (3$\overline{S}$)**
    قيمة $X = (-10) + (-10) + (-10) = -30$.

**الاستنتاج:**
القيم الممكنة للمتغير العشوائي $X$ هي فعلاً: $\{30, 10, -10, -30\}$. "
SC_ma_24_B_01_05,SC_ma_24_B_01.md,الاحتمالات,المتغيرات العشوائية,تحديد قانون الاحتمال والأمل الرياضي لمتغير عشوائي,"**تمرين 5: قانون الاحتمال والأمل الرياضي**

لدينا كيس يحتوي على 5 قطع كهربائية، منها 3 قطع سليمة (S) و 2 غير سليمة ($\overline{S}$). 
نسحب عشوائياً من الكيس 3 قطع على التوالي مع الإرجاع.

نرفق بكل قطعة سليمة العدد 10 وبكل قطعة غير سليمة العدد $-10$. 
نعتبر $X$ المتغير العشوائي الذي يرفق بكل عملية سحب لثلاث قطع ""مجموع الأعداد المرفقة بها"".
(لقد بيّنا أن قيم المتغير العشوائي $X$ هي: $30 \,، 10 \,، -10 \,، -30$).

**1. عيّن قانون الاحتمال للمتغير العشوائي $X$.**
**2. احسب أمله الرياضي $E(X)$.**","**الحل المقترح:**

**المعطيات الأساسية:**
*   احتمال سحب قطعة سليمة: $P(S) = \frac{3}{5}$
*   احتمال سحب قطعة غير سليمة: $P(\overline{S}) = \frac{2}{5}$
*   عدد السحبات = 3، مع الإرجاع (مستقلة).
*   قيم $X$: $\{30, 10, -10, -30\}$

**1. تعيين قانون الاحتمال للمتغير العشوائي $X$:**

    يجب حساب احتمال كل قيمة من قيم $X$:

    *   **$P(X=30)$:** هذا يحدث عندما تكون القطع الثلاث سليمة ($S_1 S_2 S_3$).
        $P(X=30) = P(S)^3 = \left(\frac{3}{5}\right)^3 = \frac{27}{125}$.

    *   **$P(X=10)$:** هذا يحدث عندما تكون هناك قطعتان سليمتان وقطعة واحدة غير سليمة (2S, 1$\overline{S}$). 
        هناك 3 ترتيبات ممكنة: ($S S \overline{S}$ أو $S \overline{S} S$ أو $\overline{S} S S$).
        احتمال كل ترتيب هو: $\left(\frac{3}{5}\right)^2 \times \left(\frac{2}{5}\right) = \frac{9}{25} \times \frac{2}{5} = \frac{18}{125}$.
        بما أن هناك 3 ترتيبات، فإن:
        $P(X=10) = 3 \times \frac{18}{125} = \frac{54}{125}$.

    *   **$P(X=-10)$:** هذا يحدث عندما تكون هناك قطعة سليمة واحدة وقطعتان غير سليمتين (1S, 2$\overline{S}$). 
        هناك 3 ترتيبات ممكنة: ($S \overline{S} \overline{S}$ أو $\overline{S} S \overline{S}$ أو $\overline{S} \overline{S} S$).
        احتمال كل ترتيب هو: $\left(\frac{3}{5}\right) \times \left(\frac{2}{5}\right)^2 = \frac{3}{5} \times \frac{4}{25} = \frac{12}{125}$.
        بما أن هناك 3 ترتيبات، فإن:
        $P(X=-10) = 3 \times \frac{12}{125} = \frac{36}{125}$.

    *   **$P(X=-30)$:** هذا يحدث عندما تكون القطع الثلاث غير سليمة ($\overline{S}_1 \overline{S}_2 \overline{S}_3$).
        $P(X=-30) = P(\overline{S})^3 = \left(\frac{2}{5}\right)^3 = \frac{8}{125}$.

    **التحقق:** مجموع الاحتمالات يجب أن يساوي 1:
    $P(X=30) + P(X=10) + P(X=-10) + P(X=-30) = \frac{27}{125} + \frac{54}{125} + \frac{36}{125} + \frac{8}{125} = \frac{27+54+36+8}{125} = \frac{125}{125} = 1$.
    المجموع يساوي 1، مما يؤكد صحة الاحتمالات.

    **جدول قانون الاحتمال للمتغير العشوائي $X$:**
    | $x_i$         | 30         | 10         | -10        | -30        |
    |---------------|------------|------------|------------|------------|
    | $P(X=x_i)$    | $\frac{27}{125}$ | $\frac{54}{125}$ | $\frac{36}{125}$ | $\frac{8}{125}$ |

**2. حساب الأمل الرياضي $E(X)$:**

    الأمل الرياضي $E(X)$ يُحسب بالصيغة: $E(X) = \sum x_i P(X=x_i)$.

    $E(X) = (30 \times \frac{27}{125}) + (10 \times \frac{54}{125}) + (-10 \times \frac{36}{125}) + (-30 \times \frac{8}{125})$
    $E(X) = \frac{1}{125} \left( (30 \times 27) + (10 \times 54) + (-10 \times 36) + (-30 \times 8) \right)$
    $E(X) = \frac{1}{125} \left( 810 + 540 - 360 - 240 \right)$
    $E(X) = \frac{1}{125} \left( 1350 - 600 \right)$
    $E(X) = \frac{750}{125}$

    لتبسيط الكسر، نقسم البسط والمقام على 25:
    $750 \div 25 = 30$
    $125 \div 25 = 5$
    $E(X) = \frac{30}{5} = 6$.

    **الاستنتاج:** الأمل الرياضي للمتغير العشوائي $X$ هو $E(X) = 6$."
SC_ma_24_B_02_01,SC_ma_24_B_02.md,الأعداد المركبة,العمليات على الأعداد المركبة,إيجاد مرافق عدد مركب,"**عين الاقتراح الصحيح الوحيد مع التبرير:**

ليكن $z$ عدداً مركباً، و $\bar{z}$ مرافقه.

**مرافق العدد المركب $z+i$ هو:**
أ) $\bar{z}-i$
ب) $\bar{z}+i$
ج) $z-i$","**التبرير:**

نعلم أن مرافق مجموع عددين مركبين هو مجموع مرافقيهما. أي:
$\overline{z_1+z_2} = \overline{z_1} + \overline{z_2}$

لدينا العدد المركب $z+i$.
مرافقه هو $\overline{z+i}$.
بتطبيق الخاصية، نحصل على:
$\overline{z+i} = \overline{z} + \overline{i}$

نعلم أن $i$ هو عدد تخيلي بحت، حيث $i=0+1i$.
مرافق العدد التخيلي البحت $i$ هو $-i$.
إذن: $\overline{i} = -i$.

بالتعويض، نجد:
$\overline{z+i} = \overline{z} - i$

**الاقتراح الصحيح هو أ) $\bar{z}-i$.**"
SC_ma_24_B_02_02,SC_ma_24_B_02.md,الأعداد المركبة,حساب قوى الأعداد المركبة,تبسيط كسر مركب ورفع الناتج إلى قوة كبيرة,"**عين الاقتراح الصحيح الوحيد مع التبرير:**

**قيمة العدد المركب $\left(\frac{1+i}{1-i}\right)^{2024}$ هي:**
أ) $1$
ب) $i$
ج) $-1$","**التبرير:**

لنقم أولاً بتبسيط الكسر $\frac{1+i}{1-i}$:
$\frac{1+i}{1-i} = \frac{(1+i)(1+i)}{(1-i)(1+i)}$ (نضرب البسط والمقام في مرافق المقام)
$= \frac{1^2 + 2i + i^2}{1^2 - i^2}$
$= \frac{1 + 2i - 1}{1 - (-1)}$
$= \frac{2i}{2}$
$= i$

الآن، نحسب قوة هذا العدد:
$\left(\frac{1+i}{1-i}\right)^{2024} = (i)^{2024}$

نعلم أن قوى $i$ تتكرر دورياً كل 4 قيم:
$i^1 = i$
$i^2 = -1$
$i^3 = -i$
$i^4 = 1$

لإيجاد قيمة $i^{2024}$، نقسم الأس 2024 على 4:
$2024 \div 4 = 506$ والباقي $0$.
عندما يكون الباقي 0، فإن $i^n = i^4 = 1$.
إذن، $(i)^{2024} = 1$.

**الاقتراح الصحيح هو أ) $1$.**"
SC_ma_24_B_02_03,SC_ma_24_B_02.md,الأعداد المركبة والمتتاليات والدوال اللوغاريتمية,حساب طويلات الأعداد المركبة، تبسيط عبارات لوغاريتمية، مجموع متتالية حسابية,حساب مجموع متتالية لوغاريتمية ذات حدود متتالية لقوى طويلة عدد مركب,"**عين الاقتراح الصحيح الوحيد مع التبرير:**

ليكن $z$ عدداً مركباً حيث $z=2(1+i\sqrt{3})$.
من أجل كل عدد طبيعي غير معدوم $n$، نضع $S_n=\ln|z|+\ln|z|^2+...+\ln|z|^n$.

**قيمة $S_n$ هي:**
أ) $S_n=(n+1)^2 \ln 2$
ب) $S_n=n(n+1)\ln 2$
ج) $S_n=2\left(\frac{1-(2\ln 2)^n}{1-2\ln 2}\right)\ln 2$","**التبرير:**

أولاً، نحسب طويلة العدد المركب $z$:
$z = 2(1+i\sqrt{3})$
$|z| = |2(1+i\sqrt{3})| = |2| \times |1+i\sqrt{3}|$
$|z| = 2 \times \sqrt{1^2 + (\sqrt{3})^2}$
$|z| = 2 \times \sqrt{1 + 3}$
$|z| = 2 \times \sqrt{4}$
$|z| = 2 \times 2 = 4$

الآن، لنبسط حدود المجموع $S_n$:
الحد الأول: $\ln|z| = \ln 4$
الحد الثاني: $\ln|z|^2 = 2 \ln|z| = 2 \ln 4$ (باستخدام خاصية $\ln(a^k) = k \ln a$)
الحد الثالث: $\ln|z|^3 = 3 \ln|z| = 3 \ln 4$
...
الحد $n$: $\ln|z|^n = n \ln|z| = n \ln 4$

إذن، المجموع $S_n$ يصبح:
$S_n = \ln 4 + 2\ln 4 + 3\ln 4 + ... + n\ln 4$
$S_n = \ln 4 (1 + 2 + 3 + ... + n)$

نحن نعلم أن مجموع الأعداد الطبيعية من 1 إلى $n$ هو $\frac{n(n+1)}{2}$.
إذن:
$S_n = \ln 4 \times \frac{n(n+1)}{2}$

بما أن $4 = 2^2$:
$\ln 4 = \ln (2^2) = 2 \ln 2$

بالتعويض في عبارة $S_n$:
$S_n = (2 \ln 2) \times \frac{n(n+1)}{2}$
$S_n = n(n+1) \ln 2$

**الاقتراح الصحيح هو ب) $S_n=n(n+1)\ln 2$.**"
SC_ma_24_B_02_04,SC_ma_24_B_02.md,الأعداد المركبة,إيجاد الشكل المثلثي لعدد مركب,تحويل عدد مركب مكتوب بصيغة $(\sin \theta + i \cos \theta)$ إلى شكله المثلثي الصحيح,"**عين الاقتراح الصحيح الوحيد مع التبرير:**

ليكن $z$ عدداً مركباً حيث $z=\sin\frac{\pi}{8}+i\cos\frac{\pi}{8}$.

**الشكل المثلثي للعدد المركب $z$ هو:**
أ) $-\cos\frac{\pi}{8}+i\sin\frac{\pi}{8}$
ب) $\cos\frac{\pi}{8}+i\sin\frac{\pi}{8}$
ج) $\cos\frac{3\pi}{8}+i\sin\frac{3\pi}{8}$","**التبرير:**

الشكل المثلثي للعدد المركب يكون على الصورة $r(\cos\theta + i\sin\theta)$ حيث $r$ هي طويلة العدد و $\theta$ هو العمدة.
لدينا $z=\sin\frac{\pi}{8}+i\cos\frac{\pi}{8}$.

أولاً، نحسب الطويلة $r$:
$r = |z| = \sqrt{(\sin\frac{\pi}{8})^2 + (\cos\frac{\pi}{8})^2}$
باستخدام العلاقة المثلثية الأساسية $\sin^2 x + \cos^2 x = 1$:
$r = \sqrt{1} = 1$

الآن، لإيجاد العمدة $\theta$ بحيث $z = 1(\cos\theta + i\sin\theta)$.
نحن نعلم أن:
$\cos\theta = \sin\frac{\pi}{8}$
$\sin\theta = \cos\frac{\pi}{8}$

باستخدام علاقات التحويل بين الدوال المثلثية:
$\sin x = \cos(\frac{\pi}{2} - x)$
$\cos x = \sin(\frac{\pi}{2} - x)$

إذن، يمكننا كتابة:
$\cos\theta = \cos(\frac{\pi}{2} - \frac{\pi}{8})$
$\sin\theta = \sin(\frac{\pi}{2} - \frac{\pi}{8})$

نحسب الزاوية:
$\frac{\pi}{2} - \frac{\pi}{8} = \frac{4\pi}{8} - \frac{\pi}{8} = \frac{3\pi}{8}$

إذن، العمدة هي $\theta = \frac{3\pi}{8}$.

وبالتالي، الشكل المثلثي للعدد المركب $z$ هو:
$z = 1 \left(\cos\frac{3\pi}{8} + i\sin\frac{3\pi}{8}\right) = \cos\frac{3\pi}{8} + i\sin\frac{3\pi}{8}$

**الاقتراح الصحيح هو ج) $\cos\frac{3\pi}{8}+i\sin\frac{3\pi}{8}$.**"
SC_ma_24_B_03_01,SC_ma_24_B_03.md,الدوال العددية,دراسة دوال,حساب المشتقة وتشكيل جدول التغيرات,"**التمرين 1:**

لتكن الدالة العددية $f$ المعرفة على المجال $[1; +\infty[$ بالعبارة:
$$f(x) = \frac{2x+3}{x+1}$$
**1. أحسب المشتقة $f'(x)$ للدالة $f$.**
**2. استنتج اتجاه تغير الدالة $f$ على المجال $[1; +\infty[$.**
**3. شكل جدول تغيرات الدالة $f$ على هذا المجال.**","**الحل النموذجي للتمرين 1:**

لدينا الدالة $f(x) = \frac{2x+3}{x+1}$ معرفة على المجال $[1; +\infty[$.

**1. حساب المشتقة $f'(x)$:**
الدالة $f$ قابلة للاشتقاق على المجال $[1; +\infty[$، وهي من الشكل $\frac{u}{v}$ حيث $u(x) = 2x+3$ و $v(x) = x+1$.
إذن $u'(x) = 2$ و $v'(x) = 1$.
باستخدام قاعدة الاشتقاق $\left(\frac{u}{v}\right)' = \frac{u'v - uv'}{v^2}$:
$$f'(x) = \frac{2(x+1) - (2x+3)(1)}{(x+1)^2}$$
$$f'(x) = \frac{2x+2 - 2x-3}{(x+1)^2}$$
$$f'(x) = \frac{-1}{(x+1)^2}$$

**2. استنتاج اتجاه تغير الدالة $f$:**
من أجل كل $x \in [1; +\infty[$، لدينا $(x+1)^2 > 0$.
وبما أن البسط هو $-1$ (عدد سالب)، فإن $f'(x) = \frac{-1}{(x+1)^2} < 0$.
بما أن المشتقة $f'(x)$ سالبة تمامًا على المجال $[1; +\infty[$، فإن الدالة $f$ متناقصة تمامًا على هذا المجال.

**3. تشكيل جدول تغيرات الدالة $f$:**
نحتاج إلى حساب قيم الدالة عند أطراف المجال.
$f(1) = \frac{2(1)+3}{1+1} = \frac{5}{2} = 2.5$
نحسب نهاية الدالة $f$ عندما $x$ يؤول إلى $+\infty$:
$$\lim_{x \to +\infty} f(x) = \lim_{x \to +\infty} \frac{2x+3}{x+1} = \lim_{x \to +\infty} \frac{x(2+\frac{3}{x})}{x(1+\frac{1}{x})} = \lim_{x \to +\infty} \frac{2+\frac{3}{x}}{1+\frac{1}{x}} = \frac{2+0}{1+0} = 2$$

إذن جدول التغيرات هو:

| $x$             | $1$                 | $\quad$             | $+\infty$          |
| :-------------- | :------------------ | :------------------- | :----------------- |
| $f'(x)$         | $\quad$            | $-$                  | $\quad$           |
| $f(x)$          | $2.5$               | $\searrow$          | $2$                |"
SC_ma_24_B_03_02,SC_ma_24_B_03.md,الدوال العددية,دراسة خواص الدالة,استنتاج المحدودية من جدول التغيرات,"**التمرين 2:**

لتكن الدالة العددية $g$ المعرفة على المجال $[0; +\infty[$، والتي جدول تغيراتها معطى كما يلي:

| $x$             | $0$                 | $\quad$             | $+\infty$          |
| :-------------- | :------------------ | :------------------- | :----------------- |
| $g'(x)$         | $\quad$            | $+$                  | $\quad$           |
| $g(x)$          | $1$                 | $\nearrow$          | $3$                |

**1. هل الدالة $g$ محدودة من الأسفل؟ إذا كان كذلك، ما هو حدها الأدنى؟**
**2. هل الدالة $g$ محدودة من الأعلى؟ إذا كان كذلك، ما هو حدها الأعلى؟**
**3. استنتج الحصر الذي يحقق $g(x)$ من أجل كل $x$ من المجال $[0; +\infty[$.**","**الحل النموذجي للتمرين 2:**

من جدول تغيرات الدالة $g$ المعرفة على المجال $[0; +\infty[$:
- الدالة $g$ متزايدة تمامًا على المجال $[0; +\infty[$.
- $g(0) = 1$.
- $\lim_{x \to +\infty} g(x) = 3$.

**1. هل الدالة $g$ محدودة من الأسفل؟**
نعم، الدالة $g$ محدودة من الأسفل. بما أن الدالة متزايدة على $[0; +\infty[$، فإن أصغر قيمة تبلغها هي $g(0)$.
حدها الأدنى هو $g(0) = 1$.
إذن، من أجل كل $x \in [0; +\infty[$, $g(x) \geq 1$.

**2. هل الدالة $g$ محدودة من الأعلى؟**
نعم، الدالة $g$ محدودة من الأعلى. بما أن الدالة متزايدة وتؤول إلى $3$ عند $+\infty$ (ولا تبلغه)، فإن $3$ هو حدها الأعلى (وليس قيمة عظمى).
حدها الأعلى هو $3$.
إذن، من أجل كل $x \in [0; +\infty[$, $g(x) < 3$.

**3. استنتاج الحصر:**
بجمع الاستنتاجين السابقين:
من أجل كل $x$ من المجال $[0; +\infty[$، فإن $1 \leq g(x) < 3$."
SC_ma_24_B_03_03,SC_ma_24_B_03.md,المتتاليات العددية,دراسة المتتاليات,دراسة نسبة حدين متتاليين لمتتالية,"**التمرين 3:**

لتكن المتتالية العددية $(u_n)$ المعرفة من أجل كل عدد طبيعي $n \geq 1$ بـ: $u_n = \frac{n+1}{3^n}$.

**1. أحسب $u_1$ و $u_2$.**
**2. بين أنه من أجل كل عدد طبيعي $n \geq 1$، فإن $\frac{u_{n+1}}{u_n} = \frac{1}{3} \left(1 + \frac{1}{n+1}\right)$.**
**3. استنتج اتجاه تغير المتتالية $(u_n)$ من أجل $n \geq 1$.**","**الحل النموذجي للتمرين 3:**

لدينا المتتالية $(u_n)$ المعرفة من أجل كل عدد طبيعي $n \geq 1$ بـ: $u_n = \frac{n+1}{3^n}$.

**1. حساب $u_1$ و $u_2$:**
من أجل $n=1$: $u_1 = \frac{1+1}{3^1} = \frac{2}{3}$.
من أجل $n=2$: $u_2 = \frac{2+1}{3^2} = \frac{3}{9} = \frac{1}{3}$.

**2. تبيان أن $\frac{u_{n+1}}{u_n} = \frac{1}{3} \left(1 + \frac{1}{n+1}\right)$:**
لدينا $u_{n+1} = \frac{(n+1)+1}{3^{n+1}} = \frac{n+2}{3^{n+1}}$.
إذن، النسبة $\frac{u_{n+1}}{u_n}$ هي:
$$\frac{u_{n+1}}{u_n} = \frac{\frac{n+2}{3^{n+1}}}{\frac{n+1}{3^n}} = \frac{n+2}{3^{n+1}} \times \frac{3^n}{n+1}$$
$$= \frac{n+2}{3 \cdot 3^n} \times \frac{3^n}{n+1} = \frac{n+2}{3(n+1)}$$
يمكن إعادة كتابة $\frac{n+2}{n+1}$ كالتالي: $\frac{n+1+1}{n+1} = \frac{n+1}{n+1} + \frac{1}{n+1} = 1 + \frac{1}{n+1}$.
إذن:
$$\frac{u_{n+1}}{u_n} = \frac{1}{3} \left(1 + \frac{1}{n+1}\right)$$
وهو المطلوب إثباته.

**3. استنتاج اتجاه تغير المتتالية $(u_n)$:**
لدراسة اتجاه تغير المتتالية، ندرس إشارة $u_{n+1} - u_n$ أو مقارنة $\frac{u_{n+1}}{u_n}$ بالعدد $1$ (بما أن حدود المتتالية موجبة).
لدينا من السؤال السابق: $\frac{u_{n+1}}{u_n} = \frac{1}{3} \left(1 + \frac{1}{n+1}\right)$.
بما أن $n \geq 1$:
$n+1 \geq 2$.
$0 < \frac{1}{n+1} \leq \frac{1}{2}$.
$1 < 1 + \frac{1}{n+1} \leq 1 + \frac{1}{2} = \frac{3}{2}$.
إذن:
$\frac{1}{3} \cdot 1 < \frac{1}{3} \left(1 + \frac{1}{n+1}\right) \leq \frac{1}{3} \cdot \frac{3}{2}$
$\frac{1}{3} < \frac{u_{n+1}}{u_n} \leq \frac{1}{2}$.
في كلتا الحالتين، $\frac{u_{n+1}}{u_n} \leq \frac{1}{2} < 1$.
بما أن $\frac{u_{n+1}}{u_n} < 1$ لجميع قيم $n \geq 1$ (وحدود المتتالية موجبة)، فإن المتتالية $(u_n)$ متناقصة تمامًا."
SC_ma_24_B_03_04,SC_ma_24_B_03.md,المتتاليات العددية,البرهان بالتراجع وحساب النهايات,إثبات علاقة بالتراجع وحساب نهاية متتالية هندسية,"**التمرين 4:**

لتكن المتتالية العددية $(v_n)$ المعرفة من أجل كل عدد طبيعي $n \geq 0$ بـ: $v_n = \frac{1}{2^n}$.

**1. برهن بالتراجع أنه من أجل كل عدد طبيعي $n \geq 0$: $v_n > 0$.**
**2. نعتبر المتتالية $(w_n)$ المعرفة بـ $w_n = 3 \times (0.7)^{n-1}$ من أجل $n \geq 1$.**
       **أ) أوجد طبيعة المتتالية $(w_n)$ وعين أساسها وحدها الأول.**
       **ب) أحسب نهاية المتتالية $(w_n)$ عندما $n \to +\infty$.**","**الحل النموذجي للتمرين 4:**

**1. البرهان بالتراجع أنه من أجل كل عدد طبيعي $n \geq 0$: $v_n > 0$.**
لتكن الخاصية $P(n): v_n > 0$.

*   **التحقق من صحة $P(0)$:**
        من أجل $n=0$: $v_0 = \frac{1}{2^0} = \frac{1}{1} = 1$.
        بما أن $1 > 0$، فإن $P(0)$ صحيحة.

*   **فرض صحة $P(k)$ من أجل عدد طبيعي $k \geq 0$ واثبات صحة $P(k+1)$:**
        نفرض أن $P(k)$ صحيحة، أي $v_k > 0$.
        علينا أن نبرهن أن $P(k+1)$ صحيحة، أي $v_{k+1} > 0$.
        لدينا $v_{k+1} = \frac{1}{2^{k+1}} = \frac{1}{2 \cdot 2^k} = \frac{1}{2} v_k$.
        بما أننا افترضنا أن $v_k > 0$ و $\frac{1}{2} > 0$، فإن جداءهما سيكون موجبًا.
        إذن $v_{k+1} > 0$.
        ومنه $P(k+1)$ صحيحة.

*   **الخلاصة:**
        بما أن الخاصية صحيحة من أجل $n=0$، وإذا فرضنا أنها صحيحة من أجل $k$ فإنها تبقى صحيحة من أجل $k+1$، فإنه حسب مبدأ البرهان بالتراجع، الخاصية $P(n)$ صحيحة من أجل كل عدد طبيعي $n \geq 0$. أي $v_n > 0$.

**2. دراسة المتتالية $(w_n)$ المعرفة بـ $w_n = 3 \times (0.7)^{n-1}$ من أجل $n \geq 1$.**

**أ) طبيعة المتتالية $(w_n)$ وأساسها وحدها الأول:**
المتتالية $(w_n)$ هي متتالية هندسية.
يمكن كتابتها على الشكل $w_n = w_1 \times q^{n-1}$.
أساسها $q = 0.7$.
حدها الأول هو من أجل $n=1$: $w_1 = 3 \times (0.7)^{1-1} = 3 \times (0.7)^0 = 3 \times 1 = 3$.
إذن، $(w_n)$ متتالية هندسية حدها الأول $w_1=3$ وأساسها $q=0.7$.

**ب) حساب نهاية المتتالية $(w_n)$ عندما $n \to +\infty$:**
نهاية متتالية هندسية $w_n = w_1 \times q^{n-1}$ تعتمد على قيمة الأساس $q$.
بما أن $|q| = |0.7| = 0.7 < 1$.
فإن $\lim_{n \to +\infty} q^{n-1} = 0$.
وبالتالي:
$$\lim_{n \to +\infty} w_n = \lim_{n \to +\infty} 3 \times (0.7)^{n-1} = 3 \times 0 = 0$$"
SC_ma_24_B_03_05,SC_ma_24_B_03.md,المتتاليات العددية,حساب مجموع حدود متتالية,حساب مجموع متتالية هندسية,"**التمرين 5:**

لتكن المتتالية العددية $(a_n)$ متتالية هندسية حدها الأول $a_0 = 4$ وأساسها $q = \frac{1}{3}$.

**1. اكتب عبارة الحد العام $a_n$ بدلالة $n$.**
**2. أحسب مجموع الحدود $M_n = a_0 + a_1 + \dots + a_n$ بدلالة $n$.**
**3. أحسب نهاية $M_n$ عندما $n \to +\infty$.**","**الحل النموذجي للتمرين 5:**

لدينا المتتالية $(a_n)$ متتالية هندسية حدها الأول $a_0 = 4$ وأساسها $q = \frac{1}{3}$.

**1. كتابة عبارة الحد العام $a_n$ بدلالة $n$:**
عبارة الحد العام لمتتالية هندسية هي $a_n = a_0 \times q^n$.
بتعويض القيم المعطاة:
$$a_n = 4 \times \left(\frac{1}{3}\right)^n$$

**2. حساب مجموع الحدود $M_n = a_0 + a_1 + \dots + a_n$ بدلالة $n$:**
مجموع $n+1$ حدًا الأولى لمتتالية هندسية يعطى بالعلاقة:
$$M_n = a_0 \frac{1 - q^{\text{عدد الحدود}}}{1 - q}$$
عدد الحدود = (دليل الحد الأخير - دليل الحد الأول) + 1 = $(n - 0) + 1 = n+1$.
$$M_n = 4 \frac{1 - \left(\frac{1}{3}\right)^{n+1}}{1 - \frac{1}{3}}$$
$$M_n = 4 \frac{1 - \left(\frac{1}{3}\right)^{n+1}}{\frac{2}{3}}$$
$$M_n = 4 \times \frac{3}{2} \left(1 - \left(\frac{1}{3}\right)^{n+1}\right)$$
$$M_n = 6 \left(1 - \left(\frac{1}{3}\right)^{n+1}\right)$$

**3. حساب نهاية $M_n$ عندما $n \to +\infty$:**
لدينا الأساس $q = \frac{1}{3}$.
بما أن $|q| = |\frac{1}{3}| = \frac{1}{3} < 1$.
فإن $\lim_{n \to +\infty} \left(\frac{1}{3}\right)^{n+1} = 0$.
إذن:
$$\lim_{n \to +\infty} M_n = \lim_{n \to +\infty} 6 \left(1 - \left(\frac{1}{3}\right)^{n+1}\right) = 6 (1 - 0) = 6$$"
SC_ma_24_B_03_06,SC_ma_24_B_03.md,المتتاليات العددية,حل معادلات تتعلق بالمتتاليات,تعيين دليل حد أو عدد حدود من معادلة المجموع,"**التمرين 6:**

لتكن المتتالية $(b_n)$ متتالية هندسية حدها الأول $b_0 = 1$ وأساسها $q = \frac{1}{2}$.
نضع $T_n = b_0 + b_1 + \dots + b_n$.

**1. اكتب عبارة $T_n$ بدلالة $n$.**
**2. عين العدد الطبيعي $n$ الذي يحقق المعادلة $T_n = \frac{127}{64}$.**","**الحل النموذجي للتمرين 6:**

لدينا المتتالية $(b_n)$ متتالية هندسية حدها الأول $b_0 = 1$ وأساسها $q = \frac{1}{2}$.

**1. كتابة عبارة $T_n$ بدلالة $n$:**
$T_n$ هو مجموع $n+1$ حدًا لمتتالية هندسية.
$$T_n = b_0 \frac{1 - q^{\text{عدد الحدود}}}{1 - q}$$
عدد الحدود $= n+1$.
$$T_n = 1 \times \frac{1 - \left(\frac{1}{2}\right)^{n+1}}{1 - \frac{1}{2}}$$
$$T_n = \frac{1 - \left(\frac{1}{2}\right)^{n+1}}{\frac{1}{2}}$$
$$T_n = 2 \left(1 - \left(\frac{1}{2}\right)^{n+1}\right)$$

**2. تعيين العدد الطبيعي $n$ الذي يحقق المعادلة $T_n = \frac{127}{64}$:**
لدينا المعادلة $T_n = \frac{127}{64}$.
$$2 \left(1 - \left(\frac{1}{2}\right)^{n+1}\right) = \frac{127}{64}$$
نقسم الطرفين على 2:
$$1 - \left(\frac{1}{2}\right)^{n+1} = \frac{127}{128}$$
ننقل 1 إلى الطرف الأيمن:
$$- \left(\frac{1}{2}\right)^{n+1} = \frac{127}{128} - 1$$
$$- \left(\frac{1}{2}\right)^{n+1} = \frac{127 - 128}{128}$$
$$- \left(\frac{1}{2}\right)^{n+1} = \frac{-1}{128}$$
نضرب الطرفين في -1:
$$\left(\frac{1}{2}\right)^{n+1} = \frac{1}{128}$$
نعلم أن $128 = 2^7$.
$$\left(\frac{1}{2}\right)^{n+1} = \frac{1}{2^7}$$
$$\left(\frac{1}{2}\right)^{n+1} = \left(\frac{1}{2}\right)^7$$
بمساواة الأسس:
$$n+1 = 7$$
$$n = 7 - 1$$
$$n = 6$$
إذن العدد الطبيعي $n$ الذي يحقق المعادلة هو $n=6$."
SC_ma_24_B_04_01,SC_ma_24_B_04.md,الدوال العددية,قراءة وتحليل التمثيل البياني,تعيين إشارة دالة من تمثيلها البياني,"الدالة $g$ معرّفة على المجال $[0;+\infty[$ بعبارتها $g(x)=\frac{1}{2}x^3+\frac{1}{2}-\ln x$. نفرض أن تمثيلها البياني $(C_g)$ يظهر أنها تبلغ قيمة حدية صغرى عند النقطة ذات الفاصلة $x=1$ حيث $g(1)=1$. 
**عين إشارة $g(x)$ على المجال $[0;+\infty[$ بناءً على هذه المعلومات.**","بما أن التمثيل البياني للدالة $g(x)$ يظهر أن قيمتها الحدية الصغرى هي $g(1)=1$، وهي قيمة موجبة، وأنها متناقصة حتى $x=1$ ثم متزايدة بعده، فإن جميع قيم $g(x)$ تكون أكبر تماماً من الصفر على كامل مجال تعريفها $[0;+\infty[$. 
 إذن: $g(x) > 0$ لكل $x \in [0;+\infty[.$"
SC_ma_24_B_04_02,SC_ma_24_B_04.md,الدوال العددية,حساب النهايات,حساب نهايات دالة عند أطراف مجال تعريفها,"لتكن الدالة $f$ المعرّفة على المجال $[0;+\infty[$ بـ: $f(x)=-x-\frac{\ln x}{x^2}$. 
**احسب $\lim_{x \to +\infty} f(x)$ و $\lim_{x \to 0^+} f(x)$.**","1.  **حساب $\lim_{x \to +\infty} f(x)$:**
    $\lim_{x \to +\infty} f(x) = \lim_{x \to +\infty} (-x-\frac{\ln x}{x^2})$
    نعلم أن $\lim_{x \to +\infty} -x = -\infty$
    ونعلم أن $\lim_{x \to +\infty} \frac{\ln x}{x^2} = 0$ (نهاية شهيرة)
    إذن، $\lim_{x \to +\infty} f(x) = -\infty - 0 = -\infty$.

2.  **حساب $\lim_{x \to 0^+} f(x)$:**
    $\lim_{x \to 0^+} f(x) = \lim_{x \to 0^+} (-x-\frac{\ln x}{x^2})$
    نعلم أن $\lim_{x \to 0^+} -x = 0$
    ولحساب $\lim_{x \to 0^+} \frac{\ln x}{x^2}$:
    $\lim_{x \to 0^+} \ln x = -\infty$
    $\lim_{x \to 0^+} x^2 = 0^+$ (حيث $x^2$ دائماً موجب)
    إذن، $\lim_{x \to 0^+} \frac{\ln x}{x^2} = \frac{-\infty}{0^+} = -\infty$
    وبالتالي، $\lim_{x \to 0^+} -\frac{\ln x}{x^2} = +\infty$
    إذن، $\lim_{x \to 0^+} f(x) = 0 + (+\infty) = +\infty$."
SC_ma_24_B_04_03,SC_ma_24_B_04.md,الدوال العددية,الاشتقاق ودراسة الدوال,حساب مشتقة دالة وإثبات علاقة مع دالة أخرى,"لتكن الدالة $f$ المعرّفة على المجال $[0;+\infty[$ بـ: $f(x)=-x-\frac{\ln x}{x^2}$، والدالة $g$ المعرّفة على نفس المجال بـ: $g(x)=\frac{1}{2}x^3+\frac{1}{2}-\ln x$.
**بين أنه من أجل كل $x$ من المجال $[0;+\infty[$, فإن مشتقة الدالة $f$ هي $f'(x)=\frac{-2g(x)}{x^3}$.**","لحساب مشتقة الدالة $f(x)=-x-\frac{\ln x}{x^2}$: 
مشتقة $-x$ هي $-1$. 
لحساب مشتقة $\frac{\ln x}{x^2}$، نستخدم قاعدة اشتقاق $\frac{u}{v} = \frac{u'v-uv'}{v^2}$
نضع $u=\ln x$ و $v=x^2$.
إذن $u'=\frac{1}{x}$ و $v'=2x$.
مشتقة $\frac{\ln x}{x^2}$ هي: 
$\frac{\frac{1}{x} \cdot x^2 - \ln x \cdot (2x)}{(x^2)^2} = \frac{x - 2x \ln x}{x^4} = \frac{x(1 - 2\ln x)}{x^4} = \frac{1 - 2\ln x}{x^3}$.
إذن، $f'(x) = -1 - \left(\frac{1 - 2\ln x}{x^3}\right) = -1 - \frac{1 - 2\ln x}{x^3}$
نوحد المقامات: 
$f'(x) = \frac{-x^3 - (1 - 2\ln x)}{x^3} = \frac{-x^3 - 1 + 2\ln x}{x^3} = \frac{-(x^3 + 1 - 2\ln x)}{x^3}$
نلاحظ أن الدالة $g(x)=\frac{1}{2}x^3+\frac{1}{2}-\ln x$. بضربها في $-2$ نحصل على: 
$-2g(x) = -2\left(\frac{1}{2}x^3+\frac{1}{2}-\ln x\right) = -x^3 - 1 + 2\ln x$.
إذن، $f'(x) = \frac{-2g(x)}{x^3}$.
وهو المطلوب إثباته."
SC_ma_24_B_04_04,SC_ma_24_B_04.md,الدوال العددية,دراسة اتجاه تغير دالة,استنتاج اتجاه تغير دالة من إشارة مشتقتها وتشكيل جدول التغيرات,"لتكن الدالة $f$ المعرّفة على المجال $[0;+\infty[$ ومشتقتها $f'(x)=\frac{-2g(x)}{x^3}$. وقد علمت أن $g(x) > 0$ لكل $x \in [0;+\infty[$. 
**استنتج اتجاه تغير الدالة $f$ ثم شكل جدول تغيراتها.**","لدراسة اتجاه تغير الدالة $f$، ندرس إشارة مشتقتها $f'(x)$.
لدينا $f'(x)=\frac{-2g(x)}{x^3}$.
*   على المجال $[0;+\infty[$، المقام $x^3$ يكون موجباً ($x^3 > 0$ لكل $x > 0$).
*   أعطي لنا أن $g(x) > 0$ لكل $x \in [0;+\infty[$.
*   إذن، البسط $-2g(x)$ سيكون سالباً تماماً (لأن $-2$ عدد سالب و $g(x)$ موجب).
وبالتالي، إشارة $f'(x)$ سالبة تماماً على المجال $(0;+\infty[$ (باستثناء $x=0$ حيث الدالة غير قابلة للاشتقاق).

بما أن $f'(x) < 0$ على المجال $(0;+\infty[$, فإن الدالة $f$ متناقصة تماماً على هذا المجال.

**جدول التغيرات:**
| $x$           | $0$       |               | $+\infty$    |
| :------------ | :-------- | :------------ | :------------ |
| إشارة $f'(x)$ |           | $-$           | $-$           |
| تغيرات $f(x)$ | $+\infty$ | $\searrow$ | $-\infty$     |

(مع العلم أن $\lim_{x \to 0^+} f(x) = +\infty$ و $\lim_{x \to +\infty} f(x) = -\infty$ من السؤال السابق)."
SC_ma_24_B_04_05,SC_ma_24_B_04.md,الدوال العددية,تطبيق مبرهنة القيم المتوسطة,إثبات وجود حل وحيد لمعادلة باستخدام مبرهنة القيم المتوسطة,"لتكن الدالة $f$ المعرّفة على المجال $[0;+\infty[$ بـ: $f(x)=-x-\frac{\ln x}{x^2}$. وقد علمت أن الدالة $f$ مستمرة ومتناقصة تماماً على هذا المجال. 
وُجد أن $f(0.5) \approx 2.27$ و $f(0.71) \approx -0.03$. 
**أثبت أن المعادلة $f(x)=0$ تقبل حلاً وحيداً $\alpha$ حيث $0.5 < \alpha < 0.71$.**","لإثبات وجود حل وحيد للمعادلة $f(x)=0$ في المجال $(0.5; 0.71)$، نطبق مبرهنة القيم المتوسطة وشروطها:
1.  **الاستمرارية:** الدالة $f$ مستمرة على المجال $[0;+\infty[$، وبالتالي فهي مستمرة على المجال $[0.5; 0.71]$.
2.  **الرتابة:** الدالة $f$ متناقصة تماماً على المجال $[0;+\infty[$، وبالتالي فهي رتيبة تماماً على المجال $[0.5; 0.71]$.
3.  **تغير الإشارة:** نحسب قيم الدالة عند طرفي المجال:
    *   $f(0.5) \approx 2.27$ (قيمة موجبة)
    *   $f(0.71) \approx -0.03$ (قيمة سالبة)
    بما أن $f(0.5) \cdot f(0.71) < 0$ (أي أن $0$ ينتمي إلى المجال $[f(0.71), f(0.5)]$), وحيث أن الدالة $f$ مستمرة ورتيبة تماماً على المجال $[0.5; 0.71]$، فإنه حسب مبرهنة القيم المتوسطة، يوجد حل وحيد $\alpha$ للمعادلة $f(x)=0$ في هذا المجال، أي $0.5 < \alpha < 0.71$."
SC_ma_24_B_04_06,SC_ma_24_B_04.md,الدوال العددية,دراسة المستقيمات المقاربة,إثبات وجود مستقيم مقارب مائل وتعيين معادلته,"لتكن الدالة $f$ المعرّفة على المجال $[0;+\infty[$ بـ: $f(x)=-x-\frac{\ln x}{x^2}$. 
**بين أن المنحني $(C_f)$ يقبل مستقيماً مقارباً مائلاً $(\Delta)$ عند $+\infty$ ، ثم عيّن معادلته.**","ليقبل المنحني $(C_f)$ مستقيماً مقارباً مائلاً $(\Delta)$ معادلته $y=ax+b$ عند $+\infty$، يجب أن تكون $\lim_{x \to +\infty} [f(x) - (ax+b)] = 0$.
لدينا $f(x)=-x-\frac{\ln x}{x^2}$.
نقارن هذه العبارة بالصيغة $ax+b + \phi(x)$ حيث $\lim_{x \to +\infty} \phi(x) = 0$.
نلاحظ أن: 
$f(x) = (-1)x + 0 - \frac{\ln x}{x^2}$.
بأخذ $a=-1$ و $b=0$, تكون $\phi(x) = -\frac{\ln x}{x^2}$.
نحن نعلم من حساب النهايات أن $\lim_{x \to +\infty} \frac{\ln x}{x^2} = 0$.
إذن $\lim_{x \to +\infty} [f(x) - (-x)] = \lim_{x \to +\infty} [(-x-\frac{\ln x}{x^2}) - (-x)] = \lim_{x \to +\infty} (-\frac{\ln x}{x^2}) = 0$.
هذا يثبت أن المنحني $(C_f)$ يقبل مستقيماً مقارباً مائلاً $(\Delta)$ عند $+\infty$ معادلته $y=-x$."
SC_ma_24_B_04_07,SC_ma_24_B_04.md,الدوال العددية,دراسة الوضع النسبي للمنحنيات,دراسة الوضع النسبي لمنحنى ومستقيم مقارب,"لتكن الدالة $f$ المعرّفة على المجال $[0;+\infty[$ بـ: $f(x)=-x-\frac{\ln x}{x^2}$. وقد علمت أن المستقيم $(\Delta)$ ذو المعادلة $y=-x$ هو مستقيم مقارب مائل للمنحني $(C_f)$. 
**ادرس الوضع النسبي للمنحني $(C_f)$ والمستقيم $(\Delta)$ على المجال $[0;+\infty[$.**","لدراسة الوضع النسبي للمنحني $(C_f)$ والمستقيم $(\Delta)$، ندرس إشارة الفرق $f(x) - y_{(\Delta)}$.
$f(x) - y_{(\Delta)} = (-x-\frac{\ln x}{x^2}) - (-x) = -\frac{\ln x}{x^2}$.
نحلل إشارة الفرق:
*   المقام $x^2$ دائماً موجب على المجال $(0;+\infty[$.
*   إشارة الفرق تعتمد على إشارة $-\ln x$.
    *   إذا كان $0 < x < 1$: $\ln x < 0$, وبالتالي $-\ln x > 0$. 
        إذن $f(x) - y_{(\Delta)} > 0 \implies f(x) > y_{(\Delta)}$. المنحني $(C_f)$ يقع فوق المستقيم $(\Delta)$.
    *   إذا كان $x = 1$: $\ln x = 0$, وبالتالي $-\ln x = 0$. 
        إذن $f(x) - y_{(\Delta)} = 0$. المنحني $(C_f)$ يقطع المستقيم $(\Delta)$ في النقطة ذات الفاصلة $x=1$.
    *   إذا كان $x > 1$: $\ln x > 0$, وبالتالي $-\ln x < 0$. 
        إذن $f(x) - y_{(\Delta)} < 0 \implies f(x) < y_{(\Delta)}$. المنحني $(C_f)$ يقع تحت المستقيم $(\Delta)$.

**الخلاصة:**
*   على المجال $(0; 1)$: $(C_f)$ فوق $(\Delta)$.
*   في النقطة $x=1$: $(C_f)$ يقطع $(\Delta)$.
*   على المجال $(1; +\infty)$: $(C_f)$ تحت $(\Delta)$."
SC_ma_24_B_04_08,SC_ma_24_B_04.md,الدوال العددية,المماسات,إيجاد معادلة مماس عند نقطة بمعلومية معامل توجيهه,"لتكن الدالة $f$ المعرّفة على المجال $[0;+\infty[$ بـ: $f(x)=-x-\frac{\ln x}{x^2}$، ومشتقتها $f'(x)=\frac{-2g(x)}{x^3}$ حيث $g(x)=\frac{1}{2}x^3+\frac{1}{2}-\ln x$. 
**بين أن المنحني $(C_f)$ يقبل مماساً $(T)$ معامل توجيهه $1-$ ، ثم عيّن معادلة هذا المماس.**","معامل توجيه المماس $(T)$ هو قيمة المشتقة $f'(x)$ عند نقطة التماس $x_0$. 
المطلوب هو إيجاد نقطة $x_0$ حيث $f'(x_0) = -1$. 
لدينا $f'(x)=\frac{-2g(x)}{x^3}$. نضع $f'(x_0)=-1$: 
$\frac{-2g(x_0)}{x_0^3} = -1$
$-2g(x_0) = -x_0^3$
$2g(x_0) = x_0^3$
نعوض بعبارة $g(x_0)$: 
$2\left(\frac{1}{2}x_0^3+\frac{1}{2}-\ln x_0\right) = x_0^3$
$x_0^3+1-2\ln x_0 = x_0^3$
$1-2\ln x_0 = 0$
$2\ln x_0 = 1$
$\ln x_0 = \frac{1}{2}$
$x_0 = e^{1/2} = \sqrt{e}$.

إذن، نقطة التماس هي ذات الفاصلة $x_0=\sqrt{e}$.

الآن نحسب ترتيب النقطة $y_0 = f(x_0)$: 
$f(\sqrt{e}) = -\sqrt{e} - \frac{\ln \sqrt{e}}{(\sqrt{e})^2} = -\sqrt{e} - \frac{1/2}{e} = -\sqrt{e} - \frac{1}{2e}$.

معادلة المماس $(T)$ هي $y = f'(x_0)(x-x_0) + f(x_0)$.
$y = -1(x-\sqrt{e}) + (-\sqrt{e} - \frac{1}{2e})$
$y = -x + \sqrt{e} - \sqrt{e} - \frac{1}{2e}$
$y = -x - \frac{1}{2e}$.

إذن، معادلة المماس $(T)$ هي $y = -x - \frac{1}{2e}$."
SC_ma_24_B_04_09,SC_ma_24_B_04.md,الدوال العددية,الرسم البياني,رسم منحنى دالة ومستقيماتها المقاربة والمماسات,"لتكن الدالة $f$ المعرّفة على المجال $[0;+\infty[$ بـ: $f(x)=-x-\frac{\ln x}{x^2}$. 
وقد علمت أن: 
*   المستقيم $(\Delta): y=-x$ هو مستقيم مقارب مائل للمنحني $(C_f)$ عند $+\infty$.
*   المحور $y'$ هو مستقيم مقارب عمودي للمنحني $(C_f)$ عند $0^+$.
*   المنحني $(C_f)$ متناقص تماماً على المجال $(0;+\infty[$.
*   المنحني $(C_f)$ يقطع المستقيم $(\Delta)$ في النقطة $(1, -1)$.
*   المنحني $(C_f)$ يقطع محور الفواصل في نقطة وحيدة $\alpha \approx 0.6$ ($f(\alpha)=0$).
*   المماس $(T)$ ذو المعادلة $y = -x - \frac{1}{2e}$ (حيث $e \approx 2.718$) يمس المنحني $(C_f)$ في النقطة $x=\sqrt{e} \approx 1.65$. 

**ارسم كلاً من المستقيمين المقاربين $(\Delta)$ والمحور $y'$, والمماس $(T)$, ثم ارسم الشكل العام للمنحني $(C_f)$ في معلم متعامد ومتجانس (وحدة الطول $2cm$).**","لرسم المنحني $(C_f)$ والمستقيمات، نتبع الخطوات التالية:
1.  **رسم المعلم:** نرسم المعلم المتعامد والمتجانس $(\vec{O; \vec{i}, \vec{j}})$، مع الأخذ في الاعتبار أن وحدة الطول هي $2cm$.
2.  **رسم المستقيم المقارب المائل $(\Delta)$:** معادلته $y=-x$. يمر بالنقطتين $(0,0)$ و $(2,-2)$.
3.  **رسم المستقيم المقارب العمودي:** هو محور التراتيب $x=0$.
4.  **رسم المماس $(T)$:** معادلته $y = -x - \frac{1}{2e} \approx -x - 0.18$. نرسمه يمر بالنقطة $A(\sqrt{e}, f(\sqrt{e})) \approx (1.65, -1.65 - 0.18) = (1.65, -1.83)$ وله نفس ميل $(\Delta)$. يمكن رسمه كنقطة تماس والميل.
5.  **تحديد النقاط الهامة:**
    *   نقطة التقاطع مع محور الفواصل: $(\alpha, 0)$ حيث $\alpha \approx 0.6$.
    *   نقطة التقاطع مع المستقيم $(\Delta)$: $(1, -1)$.
    *   نقطة التماس مع $(T)$: $(\sqrt{e}, -\sqrt{e} - \frac{1}{2e}) \approx (1.65, -1.83)$.
6.  **رسم المنحني $(C_f)$:**
    *   ينطلق من $+\infty$ بجوار محور التراتيب (المقارب العمودي).
    *   يتناقص باستمرار، يمر بالنقطة $(\alpha, 0)$.
    *   يستمر في التناقص، يمر بالنقطة $(1, -1)$ (حيث يقطع $(\Delta)$). 
    *   يمس المماس $(T)$ عند $x=\sqrt{e}$.
    *   يقترب من المستقيم $(\Delta)$ عندما يؤول $x$ إلى $+\infty$.
    *   يكون المنحنى فوق $(\Delta)$ للمجال $(0, 1)$ وتحت $(\Delta)$ للمجال $(1, +\infty)$."
SC_ma_24_B_04_10,SC_ma_24_B_04.md,الدوال العددية,المناقشة البيانية,تعيين عدد حلول معادلة بيانيا بواسطة وسيط حقيقي,"لتكن الدالة $h(x) = \frac{\ln x}{x^2}$ المعرّفة على المجال $[0;+\infty[$. 
وقد علمت أن: 
*   $\lim_{x \to 0^+} h(x) = -\infty$
*   $\lim_{x \to +\infty} h(x) = 0$
*   مشتقة الدالة $h(x)$ هي $h'(x) = \frac{1-2\ln x}{x^3}$.
*   الدالة $h(x)$ تبلغ قيمة حدية عظمى عند $x=\sqrt{e}$، وقيمتها هي $h(\sqrt{e})=\frac{1}{2e}$.

**باستخدام الرسم البياني المفترض للدالة $h(x)$، عين بيانياً قيم الوسيط الحقيقي $m$ التي من أجلها تقبل المعادلة $\frac{\ln x}{x^2}=m$ حلين مختلفين.**","المعادلة المطلوب مناقشتها بيانياً هي $h(x)=m$. هذا يعني أننا نبحث عن عدد نقاط تقاطع المنحني $(C_h)$ (التمثيل البياني للدالة $h$) مع المستقيم الأفقي $y=m$.

بناءً على المعلومات المعطاة، يمكننا تصور جدول تغيرات الدالة $h(x)$:

| $x$           | $0$       |                 $\sqrt{e}$            | $+\infty$    |
| :------------ | :-------- | :----------------------------------- | :------------ |
| إشارة $h'(x)$ |           | $+$                    $0$               $-$           |
| تغيرات $h(x)$ | $-\infty$ | $\nearrow$ $\frac{1}{2e}$ $\searrow$ | $0$           |


من هذا الجدول، نرى أن الدالة $h(x)$:
*   تتزايد من $-\infty$ عندما $x \to 0^+$ حتى تبلغ قيمة حدية عظمى $\frac{1}{2e}$ عند $x=\sqrt{e}$.
*   ثم تتناقص من $\frac{1}{2e}$ حتى تقترب من $0$ عندما $x \to +\infty$.

لإيجاد قيم $m$ التي من أجلها تقبل المعادلة $h(x)=m$ حلين مختلفين، يجب أن يقطع المستقيم الأفقي $y=m$ المنحني $(C_h)$ في نقطتين مختلفتين. يحدث هذا عندما تكون قيمة $m$ بين القيمة الحدية العظمى (لكي يتقاطع في نقطتين على جانبي القيمة الحدية) ونهاية الدالة عندما $x \to +\infty$ (لكي تكون قيم $h(x)$ أكبر من الصفر). 

*   إذا كان $m > \frac{1}{2e}$، لا توجد حلول.
*   إذا كان $m = \frac{1}{2e}$، يوجد حل وحيد (نقطة التماس عند القيمة الحدية العظمى).
*   إذا كان $0 < m < \frac{1}{2e}$، يوجد حلان مختلفان.
*   إذا كان $m = 0$， يوجد حل وحيد (عندما $h(x)=0 \implies \ln x = 0 \implies x=1$).
*   إذا كان $m < 0$، يوجد حل وحيد (حيث تقطع المنحنى الجزء المتزايد قبل القيمة العظمى).

إذن، قيم $m$ التي من أجلها تقبل المعادلة حلين مختلفين هي عندما: $0 < m < \frac{1}{2e}$."
SC_ma_24_B_04_11,SC_ma_24_B_04.md,الدوال الأصلية والحساب التكاملي,تعيين الدوال الأصلية,إثبات أن دالة ما هي دالة أصلية لدالة أخرى,"لتكن الدالة $H:x \mapsto \frac{-1-\ln x}{x}$ والدالة $h:x \mapsto \frac{\ln x}{x^2}$ المعرّفتين على المجال $[0;+\infty[$. 
**أثبت أن الدالة $H$ هي دالة أصلية للدالة $h$ على المجال $[0;+\infty[$.**","لإثبات أن $H(x)$ هي دالة أصلية للدالة $h(x)$، يجب أن نثبت أن $H'(x) = h(x)$ على المجال $[0;+\infty[$. 

لدينا $H(x) = \frac{-1-\ln x}{x}$. نستخدم قاعدة اشتقاق $\frac{u}{v} = \frac{u'v-uv'}{v^2}$
نضع $u = -1-\ln x$ و $v = x$.
إذن $u' = -\frac{1}{x}$ و $v' = 1$.

$H'(x) = \frac{u'v - uv'}{v^2} = \frac{\left(-\frac{1}{x}\right)(x) - (-1-\ln x)(1)}{x^2}$
$H'(x) = \frac{-1 - (-1-\ln x)}{x^2}$
$H'(x) = \frac{-1 + 1 + \ln x}{x^2}$
$H'(x) = \frac{\ln x}{x^2}$.

بما أن $H'(x) = h(x)$، فإن الدالة $H$ هي دالة أصلية للدالة $h$ على المجال $[0;+\infty[$. "
SC_ma_24_B_04_12,SC_ma_24_B_04.md,الدوال الأصلية والحساب التكاملي,حساب المساحات بالتكامل,حساب مساحة حيز محدد بمنحنى ومستقيمات,"لتكن الدالة $f$ المعرّفة على المجال $[0;+\infty[$ بـ: $f(x)=-x-\frac{\ln x}{x^2}$. 
وقد علمت أن: 
*   المستقيم $(\Delta)$ ذو المعادلة $y=-x$ هو مستقيم مقارب مائل للمنحني $(C_f)$ عند $+\infty$.
*   المنحني $(C_f)$ يقع فوق المستقيم $(\Delta)$ على المجال $(0, 1)$ وتحته على المجال $(1, +\infty)$.
*   المعادلة $f(x)=0$ تقبل حلاً وحيداً $\alpha$ حيث $0 < \alpha < 1$ (وبالتحديد $0.5 < \alpha < 0.71$).
*   يمكن كتابة $\ln \alpha = -\alpha^3$ لأن $f(\alpha)=0$.
*   الدالة $H(x) = \frac{1+\ln x}{x}$ هي دالة أصلية للدالة $k(x) = -\frac{\ln x}{x^2}$.

نعتبر $A(\alpha)$ المساحة بالسنتمتر المربع للحيز المستوي المحدد بالمنحني $(C_f)$ والمستقيمات التي معادلاتها: $x=1$ ، $x=\alpha$ ، $y=-x$. 
(وحدة الطول هي $2cm$).

**بيّن أن: $A(\alpha)=4(\alpha^2 - \frac{1}{\alpha} + 1)$.**","المساحة $A(\alpha)$ للحيز المستوي المحدد بالمنحني $(C_f)$ والمستقيم $(\Delta): y=-x$ والمستقيمين $x=\alpha$ و $x=1$ تُعطى بالتكامل التالي:
$A_u = \int_{\alpha}^{1} |f(x) - (-x)| dx$ (بوحدة المساحة $u.a.$)

من دراسة الوضع النسبي، نعلم أن $(C_f)$ يقع فوق $(\Delta)$ على المجال $(\alpha, 1)$ (بما أن $\alpha < 1$).
إذن $f(x) - (-x) > 0$.
$f(x) - (-x) = (-x - \frac{\ln x}{x^2}) - (-x) = -\frac{\ln x}{x^2}$.

إذن، $A_u = \int_{\alpha}^{1} \left(-\frac{\ln x}{x^2}\right) dx$.

لقد أُعطي لنا أن الدالة $H(x) = \frac{1+\ln x}{x}$ هي دالة أصلية للدالة $k(x) = -\frac{\ln x}{x^2}$.
إذن، $A_u = [H(x)]_{\alpha}^{1} = H(1) - H(\alpha)$.

نحسب $H(1)$: 
$H(1) = \frac{1+\ln 1}{1} = \frac{1+0}{1} = 1$.

نحسب $H(\alpha)$: 
$H(\alpha) = \frac{1+\ln \alpha}{\alpha}$.

إذن، $A_u = 1 - \frac{1+\ln \alpha}{\alpha} = \frac{\alpha - (1+\ln \alpha)}{\alpha} = \frac{\alpha - 1 - \ln \alpha}{\alpha}$.

نحن نعلم أن $\alpha$ هو حل للمعادلة $f(x)=0$، أي $f(\alpha)=0$.
$-\alpha - \frac{\ln \alpha}{\alpha^2} = 0 \implies -\alpha = \frac{\ln \alpha}{\alpha^2} \implies \ln \alpha = -\alpha^3$.

نعوض قيمة $\ln \alpha$ في تعبير $A_u$: 
$A_u = \frac{\alpha - 1 - (-\alpha^3)}{\alpha} = \frac{\alpha - 1 + \alpha^3}{\alpha}$
$A_u = \frac{\alpha}{a} - \frac{1}{\alpha} + \frac{\alpha^3}{\alpha} = 1 - \frac{1}{\alpha} + \alpha^2$.

وبما أن وحدة الطول هي $2cm$، فإن وحدة المساحة (u.a.) هي $(2cm)^2 = 4cm^2$.
إذن المساحة بالسنتمتر المربع $A(\alpha)$ هي $A_u \times 4$.
$A(\alpha) = 4 \left(1 - \frac{1}{\alpha} + \alpha^2\right)$.

وهو المطلوب إثباته."
SC_ma_23_A_01_01,SC_ma_23_A_01.md,الاحتمالات,نمذجة تجربة عشوائية,إنشاء شجرة الاحتمالات,"نعتبر صندوقين $U_1$ و $U_2$. الصندوق $U_1$ يحتوي على 5 كريات مرقمة $1 \، 1 \، 1 \، 2 \، 2$. الصندوق $U_2$ يحتوي على 4 كريات مرقمة $1 \، 1 \، 2 \، 3$. كل الكريات متماثلة ولا نفرق بينها عند اللمس.
نختار عشوائياً أحد الصندوقين (باحتمال متساوٍ لكل صندوق) ثم نسحب منه عشوائياً كريتين في آن واحد.

لكل صندوق، قم بتحديد عدد الكريات الفردية وعدد الكريات الزوجية. ثم، أنشئ شجرة الاحتمالات التي تُنمذج هذه التجربة، مع كتابة الاحتمال الموافق لكل فرع.","**1. تحديد محتوى الصندوقين من حيث الأرقام الفردية والزوجية:**
*   **الصندوق $U_1$ (5 كريات):**
    *   الكريات الفردية: $1 \، 1 \، 1$ (3 كريات).
    *   الكريات الزوجية: $2 \، 2$ (2 كريات).
*   **الصندوق $U_2$ (4 كريات):**
    *   الكريات الفردية: $1 \، 1 \، 3$ (3 كريات).
    *   الكريات الزوجية: $2$ (1 كرية).

**2. إنشاء شجرة الاحتمالات:**

*   **الخطوة الأولى: اختيار الصندوق**
    بما أننا نختار عشوائياً أحد الصندوقين، فإن $P(U_1) = \frac{1}{2}$ و $P(U_2) = \frac{1}{2}$.

*   **الخطوة الثانية: سحب كريتين من الصندوق المختار**
    الحوادث الممكنة عند سحب كريتين هي:
    *   $A$: ""سحب كريتين تحملان رقمين فرديين"" (ف، ف)
    *   $B$: ""سحب كريتين تحملان رقمين زوجيين"" (ز، ز)
    *   $C$: ""سحب كريتين إحداهما تحمل رقماً فردياً والأخرى رقماً زوجياً"" (ف، ز)

    *   **من الصندوق $U_1$ (5 كريات: 3 فردية، 2 زوجية):**
        العدد الكلي لطرق سحب كريتين من 5 هو $C_5^2 = \frac{5 \times 4}{2} = 10$.
        *   $P(A|U_1) = P(	ext{ف، ف}|U_1) = \frac{C_3^2}{C_5^2} = \frac{3}{10}$.
        *   $P(B|U_1) = P(	ext{ز، ز}|U_1) = \frac{C_2^2}{C_5^2} = \frac{1}{10}$.
        *   $P(C|U_1) = P(	ext{ف، ز}|U_1) = \frac{C_3^1 \times C_2^1}{C_5^2} = \frac{3 \times 2}{10} = \frac{6}{10}$.

    *   **من الصندوق $U_2$ (4 كريات: 3 فردية، 1 زوجية):**
        العدد الكلي لطرق سحب كريتين من 4 هو $C_4^2 = \frac{4 \times 3}{2} = 6$.
        *   $P(A|U_2) = P(	ext{ف، ف}|U_2) = \frac{C_3^2}{C_4^2} = \frac{3}{6} = \frac{1}{2}$.
        *   $P(B|U_2) = P(	ext{ز، ز}|U_2) = \frac{C_1^2}{C_4^2} = \frac{0}{6} = 0$. (لأنه لا توجد إلا كرية زوجية واحدة)
        *   $P(C|U_2) = P(	ext{ف، ز}|U_2) = \frac{C_3^1 \times C_1^1}{C_4^2} = \frac{3 \times 1}{6} = \frac{3}{6} = \frac{1}{2}$.

**الشجرة الاحتمالية:**

(يتم رسم الشجرة من اليسار إلى اليمين)

**الفرع الأول: اختيار الصندوق $U_1$ (باحتمال $\frac{1}{2}$)**
*   $U_1 \rightarrow$ (ف، ف) باحتمال $\frac{3}{10}$. (احتمال المسار الكلي: $\frac{1}{2} \times \frac{3}{10} = \frac{3}{20}$)
*   $U_1 \rightarrow$ (ز، ز) باحتمال $\frac{1}{10}$. (احتمال المسار الكلي: $\frac{1}{2} \times \frac{1}{10} = \frac{1}{20}$)
*   $U_1 \rightarrow$ (ف، ز) باحتمال $\frac{6}{10}$. (احتمال المسار الكلي: $\frac{1}{2} \times \frac{6}{10} = \frac{6}{20}$)

**الفرع الثاني: اختيار الصندوق $U_2$ (باحتمال $\frac{1}{2}$)**
*   $U_2 \rightarrow$ (ف، ف) باحتمال $\frac{1}{2}$. (احتمال المسار الكلي: $\frac{1}{2} \times \frac{1}{2} = \frac{1}{4}$)
*   $U_2 \rightarrow$ (ز، ز) باحتمال $0$. (احتمال المسار الكلي: $\frac{1}{2} \times 0 = 0$)
*   $U_2 \rightarrow$ (ف، ز) باحتمال $\frac{1}{2}$. (احتمال المسار الكلي: $\frac{1}{2} \times \frac{1}{2} = \frac{1}{4}$)"
SC_ma_23_A_01_02,SC_ma_23_A_01.md,الاحتمالات,حساب احتمالات الحوادث,تطبيق قانون الاحتمالات الكلية,"بالاعتماد على شجرة الاحتمالات والنتائج المحسوبة سابقاً في سياق التجربة العشوائية لاختيار صندوق ثم سحب كريتين منه (الصندوق $U_1$ فيه 3 كريات فردية و 2 زوجية، والصندوق $U_2$ فيه 3 كريات فردية و 1 كرية زوجية):
نعتبر الحوادث التالية:
*   $A$: ""سحب كريتين تحملان رقمين فرديين""
*   $B$: ""سحب كريتين تحملان رقمين زوجيين""
*   $C$: ""سحب كريتين إحداهما تحمل رقماً فردياً والأخرى رقماً زوجياً""

احسب الاحتمالات $P(A)$ و $P(B)$ و $P(C)$.","باستخدام قانون الاحتمالات الكلية والنتائج المحسوبة من شجرة الاحتمالات:

**1. حساب $P(A)$ (احتمال سحب كريتين فرديتين):**
$P(A) = P(A|U_1)P(U_1) + P(A|U_2)P(U_2)$
$P(A) = (\frac{3}{10}) \times (\frac{1}{2}) + (\frac{1}{2}) \times (\frac{1}{2})$
$P(A) = \frac{3}{20} + \frac{1}{4}$
للتوحيد المقامات: $P(A) = \frac{3}{20} + \frac{5}{20} = \frac{8}{20} = \frac{2}{5}$.

**2. حساب $P(B)$ (احتمال سحب كريتين زوجيتين):**
$P(B) = P(B|U_1)P(U_1) + P(B|U_2)P(U_2)$
$P(B) = (\frac{1}{10}) \times (\frac{1}{2}) + (0) \times (\frac{1}{2})$
$P(B) = \frac{1}{20} + 0 = \frac{1}{20}$.

**3. حساب $P(C)$ (احتمال سحب كرية فردية وأخرى زوجية):**
بما أن الحوادث $A$ و $B$ و $C$ تشكل نظاماً شاملاً للحوادث (أي تغطي جميع النتائج الممكنة وغير متقاطعة)، فإن مجموع احتمالاتها يساوي 1:
$P(A) + P(B) + P(C) = 1$
$P(C) = 1 - P(A) - P(B)$
$P(C) = 1 - \frac{2}{5} - \frac{1}{20}$
$P(C) = 1 - \frac{8}{20} - \frac{1}{20} = 1 - \frac{9}{20} = \frac{11}{20}$.

**للتحقق من $P(C)$ مباشرة:**
$P(C) = P(C|U_1)P(U_1) + P(C|U_2)P(U_2)$
$P(C) = (\frac{6}{10}) \times (\frac{1}{2}) + (\frac{1}{2}) \times (\frac{1}{2})$
$P(C) = \frac{6}{20} + \frac{1}{4} = \frac{3}{10} + \frac{1}{4}$
$P(C) = \frac{6}{20} + \frac{5}{20} = \frac{11}{20}$.
تتطابق النتائج."
SC_ma_23_A_01_03,SC_ma_23_A_01.md,الاحتمالات والمتغيرات العشوائية,تحديد قيم المتغير العشوائي,تحديد فضاء قيم متغير عشوائي يمثل جُداء الأرقام,"لدينا صندوقان: الصندوق $U_1$ يحتوي على 5 كريات مرقمة $1 \، 1 \، 1 \، 2 \، 2$. والصندوق $U_2$ يحتوي على 4 كريات مرقمة $1 \، 1 \، 2 \، 3$. كل الكريات متماثلة ولا نفرق بينها عند اللمس.

تم تفريغ محتوى الصندوقين $U_1$ و $U_2$ في صندوق جديد $U_3$. ثم نسحب من هذا الصندوق الجديد $U_3$ كريتين في آن واحد.
ليكن $X$ المتغير العشوائي الذي يرفق بكل عملية سحب لكريتين جُداء الرقمين المسجلين عليهما.
بُرّر أن مجموعة قيم المتغير العشوائي $X$ هي $\{1;2;3;4;6\}$.","**1. تحديد محتوى الصندوق $U_3$:**
عند تفريغ محتوى الصندوقين $U_1$ و $U_2$ في الصندوق $U_3$، نحصل على:
*   الكريات من $U_1$: $1 \، 1 \، 1 \، 2 \، 2$
*   الكريات من $U_2$: $1 \، 1 \، 2 \، 3$

إذن، الصندوق $U_3$ يحتوي على 9 كريات موزعة كالتالي:
*   الرقم 1: 5 كريات
*   الرقم 2: 3 كريات
*   الرقم 3: 1 كرية

الأرقام الممكنة التي يمكن سحبها هي 1، 2، 3.

**2. تحديد جُداء الرقمين المسجلين على الكريتين المسحوبتين (قيم $X$):**
عند سحب كريتين في آن واحد، فإن الأزواج الممكنة من الأرقام (التي تؤدي إلى جُداءات مختلفة) هي:
*   **سحب (1، 1):** الجُداء هو $1 \times 1 = 1$. (ممكن لأن هناك 5 كريات تحمل الرقم 1).
*   **سحب (1، 2):** الجُداء هو $1 \times 2 = 2$. (ممكن لأن هناك كريات تحمل الرقم 1 وكريات تحمل الرقم 2).
*   **سحب (1، 3):** الجُداء هو $1 \times 3 = 3$. (ممكن لأن هناك كريات تحمل الرقم 1 وكرية تحمل الرقم 3).
*   **سحب (2، 2):** الجُداء هو $2 \times 2 = 4$. (ممكن لأن هناك 3 كريات تحمل الرقم 2).
*   **سحب (2، 3):** الجُداء هو $2 \times 3 = 6$. (ممكن لأن هناك كريات تحمل الرقم 2 وكرية تحمل الرقم 3).
*   **سحب (3، 3):** هذا غير ممكن لأنه توجد كرية واحدة فقط تحمل الرقم 3، والسحب يتم لكريتين مختلفتين (لا يمكن سحب نفس الكرية مرتين).

بناءً على هذا التحليل، فإن مجموعة القيم الممكنة للمتغير العشوائي $X$ (جُداء الرقمين) هي بالفعل $\{1;2;3;4;6\}$."
SC_ma_23_A_01_04,SC_ma_23_A_01.md,الاحتمالات والمتغيرات العشوائية,تحديد قانون احتمال متغير عشوائي وحساب أمله,حساب الاحتمالات لمتغير عشوائي يمثل جُداء وحساب الأمل,"لدينا صندوق $U_3$ يحتوي على 9 كريات مرقمة كالتالي: 5 كريات تحمل الرقم 1، 3 كريات تحمل الرقم 2، وكرية واحدة تحمل الرقم 3. كل الكريات متماثلة ولا نفرق بينها عند اللمس. نسحب عشوائياً كريتين في آن واحد من هذا الصندوق.

ليكن $X$ المتغير العشوائي الذي يرفق بكل عملية سحب لكريتين جُداء الرقمين المسجلين عليهما. وقد تبين أن مجموعة قيم $X$ هي $\{1;2;3;4;6\}$.

1.  عيّن قانون الاحتمال للمتغير العشوائي $X$.
2.  احسب الأمل الرياضياتي $E(X)$ للمتغير العشوائي $X$.","**1. تعيين قانون الاحتمال للمتغير العشوائي $X$:**
العدد الكلي للكريات في الصندوق $U_3$ هو 9 كريات.
العدد الكلي لطرق سحب كريتين من 9 كريات هو: $C_9^2 = \frac{9 \times 8}{2} = 36$ طريقة.
سنحسب احتمال كل قيمة من قيم $X$ (جُداء الرقمين):

*   **من أجل $X=1$ (سحب كريتين تحملان الرقم 1):**
    يجب سحب كريتين من أصل 5 كريات تحمل الرقم 1.
    عدد الطرق: $C_5^2 = \frac{5 \times 4}{2} = 10$.
    $P(X=1) = \frac{10}{36} = \frac{5}{18}$.

*   **من أجل $X=2$ (سحب كرية تحمل الرقم 1 وكرية تحمل الرقم 2):**
    يجب سحب كرية واحدة من أصل 5 تحمل الرقم 1، وكرية واحدة من أصل 3 تحمل الرقم 2.
    عدد الطرق: $C_5^1 \times C_3^1 = 5 \times 3 = 15$.
    $P(X=2) = \frac{15}{36} = \frac{5}{12}$.

*   **من أجل $X=3$ (سحب كرية تحمل الرقم 1 وكرية تحمل الرقم 3):**
    يجب سحب كرية واحدة من أصل 5 تحمل الرقم 1، وكرية واحدة من أصل 1 تحمل الرقم 3.
    عدد الطرق: $C_5^1 \times C_1^1 = 5 \times 1 = 5$.
    $P(X=3) = \frac{5}{36}$.

*   **من أجل $X=4$ (سحب كريتين تحملان الرقم 2):**
    يجب سحب كريتين من أصل 3 كريات تحمل الرقم 2.
    عدد الطرق: $C_3^2 = \frac{3 \times 2}{2} = 3$.
    $P(X=4) = \frac{3}{36} = \frac{1}{12}$.

*   **من أجل $X=6$ (سحب كرية تحمل الرقم 2 وكرية تحمل الرقم 3):**
    يجب سحب كرية واحدة من أصل 3 تحمل الرقم 2، وكرية واحدة من أصل 1 تحمل الرقم 3.
    عدد الطرق: $C_3^1 \times C_1^1 = 3 \times 1 = 3$.
    $P(X=6) = \frac{3}{36} = \frac{1}{12}$.

**جدول قانون الاحتمال للمتغير العشوائي $X$:**
| $x_i$ | 1 | 2 | 3 | 4 | 6 |
| :---: | :-: | :-: | :-: | :-: | :-: |
| $P(X=x_i)$ | $\frac{10}{36}$ | $\frac{15}{36}$ | $\frac{5}{36}$ | $\frac{3}{36}$ | $\frac{3}{36}$ |

**للتحقق:** مجموع الاحتمالات = $\frac{10+15+5+3+3}{36} = \frac{36}{36} = 1$.

**2. حساب الأمل الرياضياتي $E(X)$:**
الأمل الرياضياتي $E(X)$ يُحسب بالصيغة: $E(X) = \sum x_i P(X=x_i)$.
$E(X) = (1 \times \frac{10}{36}) + (2 \times \frac{15}{36}) + (3 \times \frac{5}{36}) + (4 \times \frac{3}{36}) + (6 \times \frac{3}{36})$
$E(X) = \frac{10}{36} + \frac{30}{36} + \frac{15}{36} + \frac{12}{36} + \frac{18}{36}$
$E(X) = \frac{10+30+15+12+18}{36}$
$E(X) = \frac{85}{36}$.

القيمة العشرية التقريبية للأمل الرياضياتي: $E(X) \approx 2.36$"